{"accuracy": [0.48128655552864075, 0.6818713545799255, 0.7695906162261963, 0.8076023459434509, 0.8245614171028137, 0.8625730872154236, 0.9046783447265625, 0.913450300693512, 0.9649122953414917, 0.9637426733970642, 0.9795321822166443, 0.9894737005233765, 0.9672514796257019, 0.9818713665008545, 0.9836257100105286], "loss": [1.2380539178848267, 0.8191744089126587, 0.6298481225967407, 0.5261173248291016, 0.48508700728416443, 0.36455413699150085, 0.2673833966255188, 0.244989812374115, 0.11385586112737656, 0.10263493657112122, 0.0693221315741539, 0.03410440683364868, 0.11025360971689224, 0.05084032565355301, 0.0598757378757], "val_accuracy": [0.19667360186576843, 0.18336798250675201, 0.27442827820777893, 0.20706860721111298, 0.12765072286128998, 0.17546777427196503, 0.16424116492271423, 0.20706860721111298, 0.17754678428173065, 0.1571725606918335, 0.19043658673763275, 0.17214137315750122, 0.21663202345371246, 0.199168398976326, 0.24033263325691223], "val_loss": [1.952481985092163, 2.42434024810791, 2.37742018699646, 4.318696975708008, 4.509166717529297, 5.815261363983154, 5.405179500579834, 4.498240947723389, 11.418557167053223, 10.515435218811035, 11.869176864624023, 10.677212715148926, 5.524481296539307, 8.436495780944824, 5.91347599029541]}